Name,Date time,Maximum Temperature,Minimum Temperature,Temperature,Wind Chill,Heat Index,Precipitation,Snow,Snow Depth,Wind Speed,Wind Direction,Wind Gust,Visibility,Cloud Cover,Relative Humidity,Conditions
"San Diego, CA, United States",04/01/2021,86.6,57.4,71.2,,83.2,0,0,0,17.2,217.21,,9.9,59.5,29.91,Partially cloudy
"San Diego, CA, United States",04/02/2021,67.3,59.7,63.1,,,0,0,0,10.6,214.54,21.9,9.7,53.1,71.53,Partially cloudy
"San Diego, CA, United States",04/03/2021,65.8,57.4,60.8,,,0,0,0,14.7,278.13,18.3,9.2,52.9,74.61,Partially cloudy
"San Diego, CA, United States",04/04/2021,70.8,55.6,62,,,0,0,0,12.8,256.29,,8,71.8,73.37,Partially cloudy
"San Diego, CA, United States",04/05/2021,65.4,58.5,61.1,,,0,0,0,12.7,239.17,19.7,9.9,77.3,71.76,Overcast
"San Diego, CA, United States",04/06/2021,67.5,58.2,62,,,0,0,0,9.3,236.21,,9.9,75.2,68.32,Overcast
"San Diego, CA, United States",04/07/2021,71.7,56,62.9,,,0,0,0,15.6,251.3,28.9,9.5,50,73.04,Partially cloudy
"San Diego, CA, United States",04/08/2021,68.5,57.7,62.5,,,0,0,0,10.1,217.75,18.3,8.3,63.9,74.71,Partially cloudy
"San Diego, CA, United States",04/09/2021,68.5,59.3,62.6,,,0,0,0,9.1,220.88,,8.3,65.4,69.7,Partially cloudy
"San Diego, CA, United States",04/10/2021,69.1,59.5,63.2,,,0,0,0,10.1,203.78,,8.6,63.7,71.1,Partially cloudy
"San Diego, CA, United States",04/11/2021,66,57.3,61.5,,,0,0,0,10.6,195.46,21.9,8.8,82.2,69.98,Overcast
"San Diego, CA, United States",04/12/2021,65.3,59.5,61.8,,,0,0,0,12.8,202.63,24.2,9.9,86.8,63.86,Overcast
"San Diego, CA, United States",04/13/2021,60.6,58.4,59.7,,,0,0,0,10,224.17,17.2,9.9,98.9,67.31,Overcast
"San Diego, CA, United States",04/14/2021,62.5,57.3,59.6,,,0,0,0,17.1,262.13,18.3,9.9,88.2,58.91,Overcast
"San Diego, CA, United States",04/15/2021,65.2,53.4,59.9,,,0,0,0,17.8,214.48,26.4,9.9,85,57.31,Overcast
"San Diego, CA, United States",04/16/2021,66.4,56.7,61.3,,,0,0,0,10.3,240.5,20.8,9.9,69.6,67.12,Partially cloudy
"San Diego, CA, United States",04/17/2021,65.5,59.5,61.8,,,0,0,0,11.3,237.79,18.3,9.9,58.3,64.78,Partially cloudy
"San Diego, CA, United States",04/18/2021,80.1,58.5,67.8,,79,0,0,0,16.4,245.21,25.3,9.6,30.9,56.02,Partially cloudy
"San Diego, CA, United States",04/19/2021,76.4,53.8,65.9,,,0,0,0,12.1,247.79,,9.9,12.4,54.06,Clear
"San Diego, CA, United States",04/20/2021,64.3,59.5,61.1,,,0,0,0,12.2,223.08,19.7,9.4,82.3,68.8,Overcast
"San Diego, CA, United States",04/21/2021,63.4,58.4,60.3,,,0,0,0,12,210.38,24.2,9.9,96.3,64.32,Overcast
"San Diego, CA, United States",04/22/2021,62.4,57.3,60,,,0,0,0,11.3,255.63,,9.9,92.6,68.74,Overcast
"San Diego, CA, United States",04/23/2021,62.6,57.3,60.2,,,0.02,0,0,10.4,284.83,18.3,9.4,95,70.62,"Rain, Overcast"
"San Diego, CA, United States",04/24/2021,66.1,59.6,62,,,0,0,0,11.6,247.71,19.7,9.9,84.6,64.27,Overcast
"San Diego, CA, United States",04/25/2021,65.3,59.7,62,,,0,0,0,14.9,269.83,22,9.9,82.2,63.05,Overcast
"San Diego, CA, United States",04/26/2021,65,57.3,60.2,,,0.02,0,0,14.6,273.42,20.8,9.6,76.1,66.96,"Rain, Overcast"
"San Diego, CA, United States",04/27/2021,64.3,56.5,60.1,,,0,0,0,13.8,230.88,20.8,9.9,63.6,55.94,Partially cloudy
"San Diego, CA, United States",04/28/2021,71.3,52,62.8,,,0,0,0,13.2,179.13,,9.9,10.2,62.84,Clear
"San Diego, CA, United States",04/29/2021,78.7,55.1,68.3,,,0,0,0,13,169.63,17.2,9.7,16.9,53.81,Clear
"San Diego, CA, United States",04/30/2021,82.8,59.9,70.1,,81.2,0,0,0,11.9,275.63,,9.8,21.1,53.9,Clear
"San Diego, CA, United States",05/01/2021,67.2,61.3,63.7,,,0,0,0,18.1,214.35,19.7,9.7,91,71.65,Overcast
"San Diego, CA, United States",05/02/2021,64.2,59.4,61.3,,,0,0,0,14.4,192.17,23,8.9,95,72.36,Overcast
"San Diego, CA, United States",05/03/2021,69.5,60.4,64.5,,,0,0,0,14.7,234.96,19.7,9.9,54.5,68.1,Partially cloudy
"San Diego, CA, United States",05/04/2021,72,61.5,64.9,,,0,0,0,12.2,243.42,,9.3,57.3,72.13,Partially cloudy
"San Diego, CA, United States",05/05/2021,70.9,60.6,64.2,,,0,0,0,10.3,218,20.8,8.7,80.4,74.54,Overcast
"San Diego, CA, United States",05/06/2021,67.1,61.3,62.9,,,0,0,0,11.4,198.21,20.8,9.9,95.4,70.84,Overcast
"San Diego, CA, United States",05/07/2021,67.3,60.4,63.1,,,0,0,0,10,224.58,23,9.9,83.7,64.83,Overcast
"San Diego, CA, United States",05/08/2021,66.2,61.5,63.4,,,0,0,0,10.7,206.75,23,9.9,70.3,64.26,Partially cloudy
"San Diego, CA, United States",05/09/2021,67.1,60.4,62.7,,,0,0,0,10.3,202.63,20.8,9.9,85.1,68.05,Overcast
"San Diego, CA, United States",05/10/2021,65.6,61.3,62.8,,,0,0,0,11.3,214.75,23,9.9,84.6,65.12,Overcast
"San Diego, CA, United States",05/11/2021,66.4,61.4,62.9,,,0,0,0,11.2,206,19.7,9.8,82.4,68.51,Overcast
"San Diego, CA, United States",05/12/2021,68.5,61.5,64.7,,,0,0,0,10.4,221.08,,9.9,93.7,70.83,Overcast
"San Diego, CA, United States",05/13/2021,70.6,62.6,66,,,0,0,0,13.1,291.96,18.3,9.9,79.4,68.9,Overcast
"San Diego, CA, United States",05/14/2021,69.4,62.4,64.8,,,0,0,0,14.5,248.25,20.8,9.9,88.4,67.56,Overcast
"San Diego, CA, United States",05/15/2021,65.6,61.5,63,,,0,0,0,17.9,235.13,20.8,9.9,95,64.99,Overcast
"San Diego, CA, United States",05/16/2021,64.4,59.4,61.2,,,0.02,0,0,12.4,246.08,21.9,9.3,93.5,70.84,"Rain, Overcast"
"San Diego, CA, United States",05/17/2021,66.3,60.4,62.6,,,0.02,0,0,19.6,287.58,21.9,9.5,96.6,71.88,"Rain, Overcast"
"San Diego, CA, United States",05/18/2021,68.6,61.5,64.2,,,0,0,0,13.9,288.92,18.3,9.9,77.5,69.83,Overcast
"San Diego, CA, United States",05/19/2021,67.3,62.3,64.1,,,0,0,0,17.5,215.67,19.7,9.7,90.8,72.02,Overcast
"San Diego, CA, United States",05/20/2021,65.2,61.3,63,,,0,0,0,18.5,215.71,21.9,9.6,92.1,65.48,Overcast
"San Diego, CA, United States",05/21/2021,65.4,58.7,61.8,,,0,0,0,12.7,245.17,21.9,9.6,85.5,62.43,Overcast
"San Diego, CA, United States",05/22/2021,63.7,56.9,60.6,,,0,0,0,13.7,271.79,21.5,9.9,58.6,57.6,Partially cloudy
"San Diego, CA, United States",05/23/2021,68.9,53.9,62.4,,,0,0,0,15.3,226.29,23,9.9,15.7,65.72,Clear
"San Diego, CA, United States",05/24/2021,74.4,57.8,65.7,,,0,0,0,18.8,233.83,20.8,9.8,21.3,68.78,Clear
"San Diego, CA, United States",05/25/2021,73.7,59.4,66.6,,,0,0,0,10.1,182.52,21.9,9,64.4,73.29,Partially cloudy
"San Diego, CA, United States",05/26/2021,68.3,60.5,64.7,,,0,0,0,13.5,184.67,23,9.6,86.5,71.54,Overcast
"San Diego, CA, United States",05/27/2021,66.4,60.5,63.4,,,0,0,0,10.5,220.83,,9.9,60.1,64.23,Partially cloudy
"San Diego, CA, United States",05/28/2021,68.4,61.5,63.8,,,0,0,0,9.4,228.13,19.7,9.9,80.4,67.8,Overcast
"San Diego, CA, United States",05/29/2021,65.3,59.7,62.3,,,0,0,0,11.4,253.42,20.8,9.9,96.2,68.91,Overcast
"San Diego, CA, United States",05/30/2021,66.2,60.5,62.7,,,0,0,0,17.9,216.71,24.2,9.9,97,70.82,Overcast
"San Diego, CA, United States",05/31/2021,67.7,61.5,63.9,,,0,0,0,8.6,214.38,17.2,9.9,92.3,69.43,Overcast
"San Diego, CA, United States",06/01/2021,67.5,62.4,64.5,,,0,0,0,10.1,273.92,,9.9,92.7,72.63,Overcast
"San Diego, CA, United States",06/02/2021,69.3,61.7,64.1,,,0,0,0,11.2,271.42,,9,92,77.11,Overcast
"San Diego, CA, United States",06/03/2021,66.6,62.3,64.2,,,0,0,0,17.1,207.75,23,9.9,88.9,72.8,Overcast
"San Diego, CA, United States",06/04/2021,70.1,61.7,65.1,,,0,0,0,9.4,184.08,,9.9,71.1,71.97,Partially cloudy
"San Diego, CA, United States",06/05/2021,69.6,62.5,65.4,,,0,0,0,17.1,234.75,,9.9,74.8,68.63,Partially cloudy
"San Diego, CA, United States",06/06/2021,69.2,62.4,64.7,,,0,0,0,12.2,207.83,19.7,9.9,91.4,66.28,Overcast
"San Diego, CA, United States",06/07/2021,65.6,62.3,63.7,,,0,0,0,18.1,212.04,19.7,9.7,97.4,69.05,Overcast
"San Diego, CA, United States",06/08/2021,69.5,62.4,65.4,,,0,0,0,11.8,281.75,,9.9,79.9,63.12,Overcast
"San Diego, CA, United States",06/09/2021,70.6,62.5,65.9,,,0,0,0,15.1,312,18.3,9.9,69,68.39,Partially cloudy
"San Diego, CA, United States",06/10/2021,71.6,56.5,65.2,,,0,0,0,13,243.54,18.3,9.9,20.6,61.89,Clear
"San Diego, CA, United States",06/11/2021,74.2,57.1,66.2,,,0,0,0,11.5,212.67,,9.9,7.2,65.71,Clear
"San Diego, CA, United States",06/12/2021,72.9,59.7,66.9,,,0,0,0,9.9,190.88,24.2,9.9,25.3,70.34,Partially cloudy
"San Diego, CA, United States",06/13/2021,73.5,63.6,67.8,,,0,0,0,11.2,258.43,,9.9,36.1,70.57,Partially cloudy
"San Diego, CA, United States",06/14/2021,73.7,62.7,68.2,,,0,0,0,11.1,269.43,18.3,9.9,50.7,73.5,Partially cloudy
"San Diego, CA, United States",06/15/2021,85.1,64.9,71.8,,84.9,0,0,0,11.9,284.91,26.4,9.8,85.5,70.02,Overcast
"San Diego, CA, United States",06/16/2021,70.6,64.5,67.2,,,0,0,0,10.5,199.26,,6.9,85.5,80.72,Overcast
"San Diego, CA, United States",06/17/2021,72.2,64.5,67.1,,,0,0,0,9.9,155.58,23,7.5,90.8,80.46,Overcast
"San Diego, CA, United States",06/18/2021,70.5,64.7,67,,,0,0,0,9.1,213.08,20.8,8.6,94.3,78.29,Overcast
"San Diego, CA, United States",06/19/2021,72.5,65.2,67.7,,,0,0,0,10.3,259.63,21.9,9.8,70.8,74.09,Partially cloudy
"San Diego, CA, United States",06/20/2021,71.4,64.5,67,,,0,0,0,9.2,276.42,,9.9,78.3,74.12,Overcast
"San Diego, CA, United States",06/21/2021,72.7,64.6,67.7,,,0,0,0,12.8,275.29,18.3,9.9,67.9,70.34,Partially cloudy
"San Diego, CA, United States",06/22/2021,70.8,66.3,68.1,,,0,0,0,14.3,304.21,19.7,9.9,91.8,73.42,Overcast
"San Diego, CA, United States",06/23/2021,72.9,66.5,68.8,,,0.01,0,0,11.8,299.54,21.9,9.9,89.8,74.54,"Rain, Overcast"
"San Diego, CA, United States",06/24/2021,72.8,66.3,68.6,,,0,0,0,19.3,315.04,21.9,9.9,71.7,68.44,Partially cloudy
"San Diego, CA, United States",06/25/2021,73.4,65.3,68.2,,,0,0,0,15.6,285.67,24.2,9.9,62.8,71.63,Partially cloudy
"San Diego, CA, United States",06/26/2021,71.6,65.3,68,,,0,0,0,12.7,282.04,,9.9,51.2,70.84,Partially cloudy
"San Diego, CA, United States",06/27/2021,71.2,65.2,67.5,,,0,0,0,9.2,203.38,21.8,9.8,82.4,76.66,Overcast
"San Diego, CA, United States",06/28/2021,69.8,65.2,67,,,0,0,0,10.4,194.52,21.9,8.4,99,78.99,Overcast
"San Diego, CA, United States",06/29/2021,70.6,65.4,67.6,,,0,0,0,12.2,199.04,20.8,9.5,98.9,77.41,Overcast
"San Diego, CA, United States",06/30/2021,71.4,66.3,68.2,,,0,0,0,10.8,225.63,19.7,9.4,95.5,76.32,Overcast
"San Diego, CA, United States",07/01/2021,73.6,66.1,69.2,,,0,0,0,15.5,264.83,,9.9,69,73.58,Partially cloudy
"San Diego, CA, United States",07/02/2021,73.3,66.3,69.1,,,0,0,0,9.2,279.54,,9.9,89,75.14,Overcast
"San Diego, CA, United States",07/03/2021,73.4,66.3,68.8,,,0,0,0,10.1,280,,9.8,87.6,76.13,Overcast
"San Diego, CA, United States",07/04/2021,73.6,66.3,68.8,,,0,0,0,11.8,300.43,19.7,9.8,76.2,72.56,Overcast
"San Diego, CA, United States",07/05/2021,73.8,66.5,69.4,,,0,0,0,13.8,296.21,18.3,9.9,67.4,73.03,Partially cloudy
"San Diego, CA, United States",07/06/2021,72.7,66.3,68.7,,,0,0,0,11.5,297.5,19.7,9.9,64.6,69.69,Partially cloudy
"San Diego, CA, United States",07/07/2021,72.5,66.1,68.5,,,0,0,0,10.3,198.67,19.7,9.9,76.6,73.05,Overcast
"San Diego, CA, United States",07/08/2021,74,67.2,70.3,,,0,0,0,10.3,217.42,19.7,9.8,66.5,72.31,Partially cloudy
"San Diego, CA, United States",07/09/2021,76.4,67.6,72,,,0,0,0,8.1,289.21,18.3,9.8,28.6,72.13,Partially cloudy
"San Diego, CA, United States",07/10/2021,80.2,69.5,73.7,,81.8,0,0,0,10.1,221.75,19.7,9.8,31.1,72.28,Partially cloudy
"San Diego, CA, United States",07/11/2021,73.5,69.3,71.1,,,0,0,0,10.4,230.17,19.6,9.9,77.5,71.2,Overcast
"San Diego, CA, United States",07/12/2021,74.4,68.7,71.1,,,0,0,0,17.5,203.5,21.9,9.9,84.2,70.55,Overcast
"San Diego, CA, United States",07/13/2021,76.4,69.5,72.2,,,0,0,0,9.4,224.17,18.3,9.9,56.5,71.23,Partially cloudy
"San Diego, CA, United States",07/14/2021,75.2,69.5,71.8,,,0,0,0,10.3,201.25,21.9,9.9,50.6,73.19,Partially cloudy
"San Diego, CA, United States",07/15/2021,76.6,69.5,72.5,,,0,0,0,11.2,254.39,,9.8,64.4,70.17,Partially cloudy
"San Diego, CA, United States",07/16/2021,76.7,69.5,72.6,,,0,0,0,10.5,296.17,,9.9,54.3,69.57,Partially cloudy
"San Diego, CA, United States",07/17/2021,77.6,69.5,73.1,,,0,0,0,10.3,261.04,,9.9,77.8,70.12,Overcast
"San Diego, CA, United States",07/18/2021,80.6,71.4,75.4,,82.6,0,0,0,11.4,298.88,,9.9,59.7,68.42,Partially cloudy
"San Diego, CA, United States",07/19/2021,80.6,71.6,75.5,,82.6,0,0,0,12.2,289.04,,9.9,30.5,68.02,Partially cloudy
"San Diego, CA, United States",07/20/2021,81,70.7,74.9,,81.9,0,0,0,13.7,291.71,,9.9,51.8,69.87,Partially cloudy
"San Diego, CA, United States",07/21/2021,79.5,69.7,74.1,,,0,0,0,9.6,268.71,18.3,9.8,58,71.57,Partially cloudy
"San Diego, CA, United States",07/22/2021,76.3,70.3,72.2,,,0,0,0,11,204.67,25.3,8.8,85.3,73.37,Overcast
"San Diego, CA, United States",07/23/2021,77.4,69.3,71.6,,,0,0,0,10.3,206.29,,9.1,84.5,72.39,Overcast
"San Diego, CA, United States",07/24/2021,75.2,69.4,71.8,,,0,0,0,10.3,261.7,,9.9,91,72.23,Overcast
"San Diego, CA, United States",07/25/2021,76.1,69.4,71.7,,,0,0,0,8.8,263.41,,9.9,92.5,71.77,Overcast
"San Diego, CA, United States",07/26/2021,74.5,69.7,71.7,,,0,0,0,10.4,280.92,,9.3,98.3,76.09,Overcast
"San Diego, CA, United States",07/27/2021,76.3,70.5,72.5,,,0,0,0,12.7,306.83,,9.5,75.6,76.02,Overcast
"San Diego, CA, United States",07/28/2021,78.4,68.7,72.1,,,0,0,0,12.8,288.92,,9.9,52.1,76.09,Partially cloudy
"San Diego, CA, United States",07/29/2021,76.7,67.5,72,,,0,0,0,13.1,300.46,,9.8,55.1,75.31,Partially cloudy
"San Diego, CA, United States",07/30/2021,75.6,66.5,70.8,,,0,0,0,15.5,284.58,21.9,9.8,80.5,75.82,Overcast
"San Diego, CA, United States",07/31/2021,75.5,64.5,69.4,,,0,0,0,16.5,315.42,20.8,8.7,57.3,78.27,Partially cloudy
"San Diego, CA, United States",08/01/2021,78.9,64.4,71,,,0,0,0,14.9,291.67,20.8,9.4,38.1,73.5,Partially cloudy
"San Diego, CA, United States",08/02/2021,79.8,64.9,72.5,,,0,0,0,14.6,300.13,,9.7,18,68.25,Clear
"San Diego, CA, United States",08/03/2021,76.7,65,70.5,,,0,0,0,13.7,313.79,19.7,9.4,24,74.86,Clear
"San Diego, CA, United States",08/04/2021,75.5,66.3,70,,,0,0,0,11.3,305.13,,9.5,57.4,75.79,Partially cloudy
"San Diego, CA, United States",08/05/2021,76.1,66.5,69.8,,,0,0,0,10.3,247.71,23,9.6,72.4,75.54,Partially cloudy
"San Diego, CA, United States",08/06/2021,72.5,64.6,67.7,,,0,0,0,10.3,169.46,21.9,7.3,89,78.93,Overcast
"San Diego, CA, United States",08/07/2021,72.6,65.4,68.6,,,0,0,0,10.3,211.29,21.9,8.6,57.1,74.03,Partially cloudy
"San Diego, CA, United States",08/08/2021,73.6,67.4,69.6,,,0,0,0,11.4,251.79,,9.8,61.2,72.24,Partially cloudy
"San Diego, CA, United States",08/09/2021,77.9,66.3,71.6,,,0,0,0,11.3,257.54,,9.9,48.1,72.19,Partially cloudy
"San Diego, CA, United States",08/10/2021,77,69.8,72.5,,,0,0,0,12.6,286.22,,9.9,72.8,74.36,Partially cloudy
"San Diego, CA, United States",08/11/2021,82.4,70.1,75.5,,84,0.18,0,0,12.3,284.25,,9.3,62.2,72.08,"Rain, Partially cloudy"
"San Diego, CA, United States",08/12/2021,83.2,71.6,76.5,,85.6,0,0,0,10.3,267.04,,9.2,21.9,70.69,Clear
"San Diego, CA, United States",08/13/2021,84.2,70.5,76.5,,83,0,0,0,9,211.63,,9.4,21.3,67.14,Clear
"San Diego, CA, United States",08/14/2021,81.9,70.7,74.3,,82.5,0,0,0,13.3,255.5,17.2,9.1,60.8,72.48,Partially cloudy
"San Diego, CA, United States",08/15/2021,79,70,73.6,,,0,0,0,10.3,302.5,17.2,9.8,70.3,72.69,Partially cloudy
"San Diego, CA, United States",08/16/2021,77.8,70.5,73.8,,,0,0,0,10,203.33,21.9,9.2,55,74.29,Partially cloudy
"San Diego, CA, United States",08/17/2021,76.8,71.8,73.8,,,0,0,0,8.8,208.17,19.7,9.7,83.5,74.29,Overcast
"San Diego, CA, United States",08/18/2021,77.9,72.7,74.5,,,0,0,0,17.6,208.92,20.8,9.8,96,71.17,Overcast
"San Diego, CA, United States",08/19/2021,77,70.9,73.5,,,0,0,0,11.6,281.79,20.8,9.9,92.1,71.53,Overcast
"San Diego, CA, United States",08/20/2021,75.7,70.8,72.4,,,0,0,0,11.2,287.25,18.3,9.9,95,67.37,Overcast
"San Diego, CA, United States",08/21/2021,75.8,68.9,72.4,,,0,0,0,17.9,284.83,20.7,9.5,88,62.74,Overcast
"San Diego, CA, United States",08/22/2021,75.7,70,72.4,,,0,0,0,18.7,316.71,22.1,9.6,93.9,64.73,Overcast
"San Diego, CA, United States",08/23/2021,77.8,69.9,72.9,,,0,0,0,13.1,307.25,18.3,9.9,62.4,66.09,Partially cloudy
"San Diego, CA, United States",08/24/2021,77.8,67.9,72,,,0,0,0,13.3,237.29,18.3,9.9,47.3,69.99,Partially cloudy
"San Diego, CA, United States",08/25/2021,78.9,68.1,73.3,,,0,0,0,14.3,309.67,,9.8,37.1,72.71,Partially cloudy
"San Diego, CA, United States",08/26/2021,81,69.3,74.8,,82.1,0,0,0,15.3,322.21,21.9,9.2,29,71.51,Partially cloudy
"San Diego, CA, United States",08/27/2021,79.1,68.1,72.8,,,0,0,0,15.9,318.38,19.7,8.3,38.7,76.62,Partially cloudy
"San Diego, CA, United States",08/28/2021,76.8,68.9,71.3,,,0,0,0,10.3,256.33,20.8,8.3,55.6,77.41,Partially cloudy
"San Diego, CA, United States",08/29/2021,75.8,68.9,71.7,,,0,0,0,14.6,304.29,21.9,8.8,73,77.57,Partially cloudy
"San Diego, CA, United States",08/30/2021,76.4,69.2,71.7,,,0,0,0,11.2,225.17,18.3,8.8,87.4,75.64,Overcast
"San Diego, CA, United States",08/31/2021,73.3,68.7,70.6,,,0,0,0,8.7,206.29,,9.1,96.2,73.32,Overcast
"San Diego, CA, United States",09/01/2021,76.1,69.7,72,,,0,0,0,11.3,226.79,23,9.5,85.2,67.27,Overcast
"San Diego, CA, United States",09/02/2021,76.7,70.8,72.9,,,0,0,0,12.7,277.75,18.3,9.9,72.6,63.96,Partially cloudy
"San Diego, CA, United States",09/03/2021,75,68.9,71.3,,,0,0,0,15.1,298.58,20.8,9.6,84,72.46,Overcast
"San Diego, CA, United States",09/04/2021,80.9,66.6,73.9,,82.4,0,0,0,18.6,259.5,21.9,8.7,51.8,65.31,Partially cloudy
"San Diego, CA, United States",09/05/2021,78,68,72.8,,,0,0,0,10.9,225.71,,9.1,30.9,68.9,Partially cloudy
"San Diego, CA, United States",09/06/2021,76.4,69.7,72.6,,,0,0,0,17.3,186.43,23,7.3,76.3,77.56,Overcast
"San Diego, CA, United States",09/07/2021,80.4,70.7,74.3,,82,0,0,0,8.5,246.83,,8.9,58,72.34,Partially cloudy
"San Diego, CA, United States",09/08/2021,80.7,70.7,74.1,,82.4,0,0,0,14,263.96,20.8,9.1,60.2,74.14,Partially cloudy
"San Diego, CA, United States",09/09/2021,82.8,70,74.8,,84.5,0,0,0,10.4,252.25,17.2,9.6,48.6,73.27,Partially cloudy
"San Diego, CA, United States",09/10/2021,80.8,71,74.8,,82.6,0,0,0,12.2,299.83,16.1,9.4,47,74.59,Partially cloudy
"San Diego, CA, United States",09/11/2021,83.9,70.1,75.8,,84.9,0,0,0,14.5,303.33,24.2,9.4,20.3,70.44,Clear
"San Diego, CA, United States",09/12/2021,79,69.1,73.6,,,0,0,0,19.1,293.29,23,9.9,15.7,73.22,Clear
"San Diego, CA, United States",09/13/2021,74.8,66.8,70.4,,,0,0,0,13.3,287.79,,9.1,49.8,76.26,Partially cloudy
"San Diego, CA, United States",09/14/2021,75.4,65.6,69.2,,,0,0,0,10.1,211.21,,8.9,67.5,74.26,Partially cloudy
"San Diego, CA, United States",09/15/2021,74.7,66.5,69.5,,,0,0,0,11.8,289.63,18.3,9,68.8,69.32,Partially cloudy
"San Diego, CA, United States",09/16/2021,73.7,66.6,69.2,,,0,0,0,11.3,286.33,18.3,9.9,62.7,65.63,Partially cloudy
"San Diego, CA, United States",09/17/2021,73.9,66.1,69.7,,,0,0,0,10.4,247.88,,9.9,71.6,64.65,Partially cloudy
"San Diego, CA, United States",09/18/2021,73.9,67.7,69.7,,,0,0,0,14.6,280.25,20.9,9.9,56.3,67.67,Partially cloudy
"San Diego, CA, United States",09/19/2021,73.5,65.7,68.9,,,0,0,0,8.9,261.92,,9.9,50.5,66.82,Partially cloudy
"San Diego, CA, United States",09/20/2021,75.5,62,68.9,,,0,0,0,8.2,163.13,,9.8,22.7,73.26,Clear
"San Diego, CA, United States",09/21/2021,82.9,65.2,74.2,,83.6,0,0,0,11.8,295.91,18.3,9.8,9.4,64.55,Clear
"San Diego, CA, United States",09/22/2021,84.6,69.3,75.8,,84.5,0,0,0,17.1,325.33,24.2,9.9,19.7,62.57,Clear
"San Diego, CA, United States",09/23/2021,76.9,67.7,72,,,0,0,0,13.8,300.88,,9.9,62.7,72.07,Partially cloudy
"San Diego, CA, United States",09/24/2021,74.1,66.8,69.2,,,0.41,0,0,10.7,257.29,18.3,9.5,85.1,76.15,"Rain, Overcast"
"San Diego, CA, United States",09/25/2021,73.2,66.5,69.4,,,0,0,0,11.2,260.46,,9.7,85.1,77.5,Overcast
"San Diego, CA, United States",09/26/2021,70,66.6,68.2,,,0,0,0,11.3,311.29,,9.7,100,77.71,Overcast
"San Diego, CA, United States",09/27/2021,69.1,65.9,67.3,,,0,0,0,9.4,296.96,,9.8,99.9,75.5,Overcast
"San Diego, CA, United States",09/28/2021,70.8,66.6,68.3,,,0,0,0,9.7,208.26,,9.9,95.5,68.27,Overcast
"San Diego, CA, United States",09/29/2021,73.7,66.3,69.1,,,0,0,0,10.7,230.46,20.8,9.9,57.7,67.13,Partially cloudy
"San Diego, CA, United States",09/30/2021,76.6,60.9,69.4,,,0,0,0,12.6,177.48,,9.9,4.7,69.9,Clear
"San Diego, CA, United States",10/01/2021,88.4,59.2,73.1,,84.6,0,0,0,11.5,227.04,,9.8,11.9,47.3,Clear
"San Diego, CA, United States",10/02/2021,84.3,60.2,72.2,,82.9,0,0,0,20.3,225.96,,9.7,47.9,48.12,Partially cloudy
"San Diego, CA, United States",10/03/2021,87.1,62.7,74.1,,84.3,0,0,0,7.2,205.17,,9.5,39.6,49.89,Partially cloudy
"San Diego, CA, United States",10/04/2021,82.6,67,73.8,,82.4,0.31,0,0,11,195.26,17.2,9.5,73.9,52.62,"Rain, Partially cloudy"
"San Diego, CA, United States",10/05/2021,75.5,66.7,71,,,0.31,0,0,24.1,200.61,34.4,9.5,61.8,73.54,"Rain, Partially cloudy"
"San Diego, CA, United States",10/06/2021,72,68.7,69.6,,,0,0,0,12,256.42,,9.9,92.6,75.81,Overcast
"San Diego, CA, United States",10/07/2021,71.6,67.7,69,,,0,0,0,11,283.08,,9.9,95.4,74.19,Overcast
"San Diego, CA, United States",10/08/2021,70.5,64,67,,,0.15,0,0,10.9,263.42,,9,90.7,75.62,"Rain, Overcast"
"San Diego, CA, United States",10/09/2021,70.9,60.1,65.6,,,0,0,0,14.2,166.13,20.8,9.9,39,71.78,Partially cloudy
"San Diego, CA, United States",10/10/2021,73.8,57.6,66.3,,,0,0,0,13.2,176.74,17.2,9.9,0.9,72.72,Clear
"San Diego, CA, United States",10/11/2021,68.9,61,65.5,,,0,0,0,20.5,173,31.1,8.1,70.9,70.36,Partially cloudy
"San Diego, CA, United States",10/12/2021,70.7,60.2,65.5,,,0,0,0,18.2,289.33,27.8,9.2,7.2,38.35,Clear
"San Diego, CA, United States",10/13/2021,72,51.5,62,,,0,0,0,15,161.18,20.8,9.9,0,52.3,Clear
"San Diego, CA, United States",10/14/2021,71.1,52.4,62.8,,,0,0,0,13.4,186.79,,9.9,1.8,63.15,Clear
"San Diego, CA, United States",10/15/2021,84.8,53.2,68.9,,81.7,0,0,0,10.6,222.88,,9.9,0,45.61,Clear
"San Diego, CA, United States",10/16/2021,85.7,55.7,69.7,,82.4,0,0,0,10.5,193.54,,9.9,8.9,34.4,Clear
"San Diego, CA, United States",10/17/2021,74.7,56.4,65,,,0,0,0,10.8,173.39,,9.9,34.8,56.76,Partially cloudy
"San Diego, CA, United States",10/18/2021,68.2,59.1,64,,,0,0,0,14.3,199.46,19.7,9.9,75.6,67.14,Overcast
"San Diego, CA, United States",10/19/2021,68.6,52.3,60.6,,,0,0,0,8.4,128.35,18.3,9.9,29.4,64.1,Partially cloudy
"San Diego, CA, United States",10/20/2021,69,52.5,62,,,0,0,0,13.1,186.21,19.7,9.9,35.2,68.29,Partially cloudy
"San Diego, CA, United States",10/21/2021,70.9,54.9,62.8,,,0,0,0,12.8,164.5,,9.9,35.3,74.4,Partially cloudy
"San Diego, CA, United States",10/22/2021,67.7,60.2,63.8,,,0,0,0,14,273.88,,9.3,89,74.68,Overcast
"San Diego, CA, United States",10/23/2021,67.4,61.5,64.2,,,0,0,0,10.1,152.08,21.9,9.4,90.4,71.55,Overcast
"San Diego, CA, United States",10/24/2021,69.5,62.1,65.2,,,0,0,0,10.9,197.92,,9.8,61.3,69.11,Partially cloudy
"San Diego, CA, United States",10/25/2021,67.3,58.5,63.7,,,0.25,0,0,14.1,189,31.5,8.7,93.7,76.65,"Rain, Overcast"
"San Diego, CA, United States",10/26/2021,67.4,55.5,62.3,,,0,0,0,12,218.25,,9.9,36.7,72.46,Partially cloudy
"San Diego, CA, United States",10/27/2021,77.6,54,64.7,,,0,0,0,10.8,270.27,,9.9,0,60.65,Clear
"San Diego, CA, United States",10/28/2021,83,56.7,69.2,,81.2,0,0,0,10.7,229.83,,9.9,1.8,51.28,Clear
"San Diego, CA, United States",10/29/2021,76.3,58.6,66.9,,,0,0,0,8.5,141.54,,9.2,24.2,66.81,Clear
"San Diego, CA, United States",10/30/2021,66.1,61.3,63.1,,,0,0,0,8,177.33,,7.4,91.3,77.83,Overcast
"San Diego, CA, United States",10/31/2021,68.3,61.7,64.2,,,0,0,0,8.3,227.71,,9.9,84.2,71.16,Overcast
"San Diego, CA, United States",11/01/2021,69.2,58.7,64.1,,,0,0,0,14.2,238.5,20.8,9.7,84,74.72,Overcast
"San Diego, CA, United States",11/02/2021,67.1,60.7,63.7,,,0,0,0,11.3,286.58,21.9,9.2,77.2,74.75,Overcast
"San Diego, CA, United States",11/03/2021,67.2,58.4,62,,,0,0,0,12.6,217.08,,7.6,66.4,80.08,Partially cloudy
"San Diego, CA, United States",11/04/2021,66.3,58.4,61.9,,,0,0,0,10.2,252.75,,4.6,70.3,80.63,Partially cloudy
"San Diego, CA, United States",11/05/2021,67.1,58.2,61.5,,,0,0,0,8.8,168.96,,3.3,84.1,82.42,Overcast
"San Diego, CA, United States",11/06/2021,67,60.1,62.4,,,0,0,0,10.4,184.96,,6.7,79,77.1,Overcast
"San Diego, CA, United States",11/07/2021,67.2,59.6,62.3,,,0,0,0,18.5,207.88,,9.4,71.7,73.26,Partially cloudy
"San Diego, CA, United States",11/08/2021,65.9,59,62.4,,,0,0,0,9,167.35,,9,69.2,73.2,Partially cloudy
"San Diego, CA, United States",11/09/2021,68.3,57,62.9,,,0,0,0,13.5,229.04,20.8,9.6,65.4,73.01,Partially cloudy
"San Diego, CA, United States",11/10/2021,68.4,61.3,64.5,,,0,0,0,14.5,237,20.8,9.8,46.3,74.37,Partially cloudy
"San Diego, CA, United States",11/11/2021,82.8,56.2,69.9,,80.9,0,0,0,10.9,244.18,,9.9,0.9,52.24,Clear
"San Diego, CA, United States",11/12/2021,89.2,57.3,72.2,,85.4,0,0,0,8.3,186.63,,9.9,23,39.55,Clear
"San Diego, CA, United States",11/13/2021,81.7,57.8,69.2,,79.6,0,0,0,6.9,95.55,,9.9,8.4,46.14,Clear
"San Diego, CA, United States",11/14/2021,84.5,55.8,68.6,,81.6,0,0,0,8.2,145.82,,9.9,4.2,45.65,Clear
"San Diego, CA, United States",11/15/2021,80.4,54,64.4,,79,0,0,0,9.2,215.8,,7.6,36.4,60.83,Partially cloudy
"San Diego, CA, United States",11/16/2021,64.5,56.5,60.6,,,0,0,0,7.1,202,,6.1,90.5,80.21,Overcast
